[
  {
    "_id": "1",
    "email": "frederic.feldesi@yopmail.com",
    "civility": "MR",
    "first_name": "Frédéric",
    "last_name": "FELDESI",
    "company": {
        "name": "Company",
        "user_type": "Mentor"
    },
    "user_status": "pending",
    "count_document": 15
  },
  {
    "_id": "2",
    "email": "nadia.bonomally@yopmail.com",
    "civility": "MRS",
    "first_name": "Nadia",
    "last_name": "BONOMALLY",
    "company": {
        "name": "Company",
        "user_type": "Mentor"
    },
    "user_status": "active",
    "count_document": 15
  },
  {
    "_id": "3",
    "email": "dominique.monachon@yopmail.com",
    "civility": "MR",
    "first_name": "Dominique",
    "last_name": "MONACHON",
    "company": {
        "name": "Company",
        "user_type": "Mentor"
    },
    "user_status": "pending",
    "count_document": 15
  },
  {
    "_id": "4",
    "email": "annie.massard@yopmail.com",
    "civility": "MRS",
    "first_name": "Annie",
    "last_name": "MASSARD",
    "company": {
        "name": "Company",
        "user_type": "Mentor"
    },
    "user_status": "pending",
    "count_document": 15
  },
  {
    "_id": "5",
    "email": "remi.colindre@yopmail.com",
    "civility": "MR",
    "first_name": "Rémi",
    "last_name": "COLINDRE",
    "company": {
        "name": "Company",
        "user_type": "Mentor"
    },
    "user_status": "active",
    "count_document": 15
  },
  {
    "_id": "6",
    "email": "nancy.leo@yopmail.com",
    "civility": "MRS",
    "first_name": "Nancy",
    "last_name": "LEO",
    "company": {
        "name": "Company",
        "user_type": "Mentor"
    },
    "user_status": "active",
    "count_document": 15
  },
  {
    "_id": "7",
    "email": "amine.daha@yopmail.com",
    "civility": "MR",
    "first_name": "Amine",
    "last_name": "DAHA",
    "company": {
        "name": "Company",
        "user_type": "Mentor"
    },
    "user_status": "pending",
    "count_document": 15
  },
  {
    "_id": "8",
    "email": "cedric.beyhurst@yopmail.com",
    "civility": "MR",
    "first_name": "Cédric",
    "last_name": "BEYHURST",
    "company": {
        "name": "Company",
        "user_type": "Mentor"
    },
    "user_status": "pending",
    "count_document": 15
  },
  {
    "_id": "9",
    "email": "pierre-alain.bony@yopmail.com",
    "civility": "MR",
    "first_name": "Pierre-Alain",
    "last_name": "BONY",
    "company": {
        "name": "Company",
        "user_type": "Mentor"
    },
    "user_status": "active",
    "count_document": 15
  },
  {
    "_id": "10",
    "email": "laurent.melisse@yopmail.com",
    "civility": "MR",
    "first_name": "Laurent",
    "last_name": "MELISSE",
    "company": {
        "name": "Company",
        "user_type": "Mentor"
    },
    "user_status": "pending",
    "count_document": 15
  },
  {
    "_id": "11",
    "email": "patrick.pagonis@yopmail.com",
    "civility": "MR",
    "first_name": "Patrick",
    "last_name": "PAGONIS",
    "company": {
        "name": "Company",
        "user_type": "Mentor"
    },
    "user_status": "active",
    "count_document": 15
  },
  {
    "_id": "12",
    "email": "patrick.pagonis@yopmail.com",
    "civility": "MR",
    "first_name": "Patrick",
    "last_name": "PAGONIS",
    "company": {
        "name": "Company",
        "user_type": "Mentor"
    },
    "user_status": "pending",
    "count_document": 15
  },
  {
    "_id": "13",
    "email": "anne-laure.collard@yopmail.com",
    "civility": "MR",
    "first_name": "Pierrick",
    "last_name": "MESSON",
    "company": {
        "name": "Company",
        "user_type": "Mentor"
    },
    "user_status": "pending",
    "count_document": 15
  },
  {
    "_id": "14",
    "email": "sylvie.dupin@yopmail.com",
    "civility": "MRS",
    "first_name": "Sylvie",
    "last_name": "DUPIN",
    "company": {
        "name": "Company",
        "user_type": "Mentor"
    },
    "user_status": "pending",
    "count_document": 15
  },
  {
    "_id": "15",
    "email": "lionel.darve@yopmail.com",
    "civility": "MR",
    "first_name": "Lionel",
    "last_name": "DARVE",
    "company": {
        "name": "Company",
        "user_type": "Mentor"
    },
    "user_status": "pending",
    "count_document": 15
  }
]
